Tidsstempel,Titel p√• dit arrangement,Arrang√∏r,Lokation,Dato,Tidpunkter og Titel p√• Happenings,"Er der fri entr√© til dit event, eller skal deltagerne betale et bel√∏b i d√∏ren?",Billede eller PR,M√•lgruppe,Stemning,Tilg√¶ngelighed,Alkohol?,Kort beskrivelse af arrangementet,Evt. link til code of conduct,Venue,Sponsorer,Hvis der er Billetsalg,Dato_dt,Latitude,Longitude
01/05/2025 15.13.49,MOOD SWINGS: PONNY ‚≠í PAYDAR ‚≠í DJ DOGMOTHER,"SCUFF, FLINTA8000 & TURKIS","Vester All√© 15, 8000 Aarhus",31/05/2025 18.30.00,"18:30: DOORS OPEN
19-21: COMMUNITY DINNER
21:15: surprise + PONNY
23: PAYDAR
00: DJ DOGMOTHER","‚≠í PRICES ‚≠í Dinner (vegetarian/vegan): 45 kr. Standard concert and club night ticket: 95 DKK Stars and super supporters concert and club night ticket: 140 DKK Reduced price available upon request, write to mie@detturkisetelt.dk Tickets for dinner + concert and club night available at the door until sold out.",https://drive.google.com/open?id=1Ul81Oi_9ldgzQPdo3_vJRTVd6pWHPlJA,"‚≠í FLINTA ‚≠í FLINTA is an acronym for female, lesbian, intersex, non-binary, trans and agender. This event is for flinta people only. We never assume anyone‚Äôs gender identity, but we will inform all our guests about the guidelines at the door. We create FLINTA-only events to offer a safer space and community working against oppressive structures.","hyggelig f√¶llesmiddag, h√∏j energi koncerter, festlig, hyggelig, cute, fun.","Der er k√∏restolsadgang, adgang fra stueplan. Der er ikke noget chillrum for folk der er overstimulerede, men mulighed for at komme op p√• et kontor og tage en pause.  ",Ja - Arrang√∏r s√¶lger alkohol,"We invite all flinta*s on a rollercoaster ride from emo to euphoria, from vulnerable to L‚ú™L, from beautiful to fugly. Plant-based community dinner, Ponny punk, Paydar frenzy and DJ Dogmother‚Äôs hard bass. Everything that nourishes the heart.","‚≠í SAFER SPACE ‚≠í We aim to create a safer space, and our safer space hosts will be present throughout the evening. We do not tolerate any form of discrimination, harassment or oppressive behavior.",,,https://www.yourticket.dk/?ytroute=%2Farrangementer%2F49318%2Fmood-swings-ponny-x-paydar-x-dj-dogmother%2F,2025-05-31 18:30:00,56.156055,10.198522
01/05/2025 17.46.48,LGBT+ venlig bar,Fairbar,Klostertorvet 6,31/05/2025 12.00.00,Kl. 17: Drag-pubcrawl ,Fri entr√©,,18+,Feel-good stemning og special√∏l,K√∏restolsadgang,Ja - Arrang√∏r s√¶lger alkohol,LGBT+ venlig bar,,,,,2025-05-31 12:00:00,56.158503,10.206345
12/05/2025 16.33.16,Varm op DRAG BINGO p√• Bellis,Kulturbodega Bellis,Graven 21,29/05/2025 19.00.00,"Kl. 18:30 D√∏re
Kl. 19:00 Bingo
Kl. 21:00 Slut",80 Kr.,,G√¶ster til Aarhus Pride,"Festligt, Fierce og Glamour√∏st",Der er K√∏restolsadgang. Arrangementet er Inkluderende,Ja - Arrang√∏r s√¶lger alkohol,"Varm op til Aarhus Pride med Drag Show og Banko p√• Kulturbodega Bellis! üåà‚ú®

Regnbuen er p√• vej tilbage til Aarhus' gader! Og mens vi t√¶ller ned til den dag, hvor byen igen eksploderer i farver, mangfoldighed og stolthed, inviterer vi til den perfekte opvarmning: Varm Op DRAG BANKO p√• Bellis! ‚ú®

Kom og oplev byens egen Drag Diva Victoria Agina guide dig gennem en festlig aften med fierce performances, skyh√∏je stilletter, flotte kostumer, intense momenter og god gammeldags latter üíÉ P√• denne aften f√•r du ikke bare mulighed for at vinde fantastiske pr√¶mier, du bliver ogs√• en del af f√¶llesskabet, der snart vil fylde Aarhus med Pride og mangfoldighed üíñ

Det bedste af det hele? Al indtjening fra billetsalget g√•r direkte til Aarhus Pride! S√• din deltagelse hj√¶lper Aarhus Pride med at finansiere √•rets pridefejring, som et spektakul√¶rt og betydningsfuld event for hele byens LGBTQ+ Milj√∏ üè≥Ô∏è‚Äçüåà

Der er 2 plader inkluderet i billetten og der kan ikke tilk√∏bes flere plader, s√• skynd dig og hiv fat I dine venner, f√∏r din overbo g√∏r det! Og kom I god tid for at f√• en god plads üè≥Ô∏è‚Äçüåà

Alle er velkomne til denne inkluderende fejring af LGBTQIA+ personer, mangfoldighed og f√¶llesskab. Tag dine venner med, st√∏t en god sag og v√¶r med til at skabe den perfekte optakt til √•rets Aarhus Pride, n√•r regnbuen atter indtager byens gader! ü´∂

Bellis er k√∏restolsvenligt.

Showet vil foreg√• p√• dansk.",https://bellisbellis.dk/code-of-conduct-1-1,Kulturbodega Bellis,Peech + Homoware,https://bellisbellis.understory.io/da/experience/22d8d70bb8f15674d9e1c132ef280622,2025-05-29 19:00:00,56.158455,10.210377
